<?xml version="1.0" encoding="utf-8"?>
<OpenSimDocument Version="40000">
   <ExternalLoads name="Pedaling_GRF">
      <objects>
         <ExternalForce name="right"><!--Flag indicating whether the force is applied or not. If true the forceis applied to the MultibodySystem otherwise the force is not applied.NOTE: Prior to OpenSim 4.0, this behavior was controlled by the 'isDisabled' property, where 'true' meant that force was not being applied. Thus, if 'isDisabled' is true, then 'appliesForce` is false.--><appliesForce>true</appliesForce>
            <!--Name of the body the force is applied to.--><applied_to_body>calcn_r</applied_to_body>
            <!--Name of the body the force is expressed in (default is ground).--><force_expressed_in_body>ground</force_expressed_in_body>
            <!--Name of the body the point is expressed in (default is ground).--><point_expressed_in_body>ground</point_expressed_in_body>
            <!--Identifier (string) to locate the force to be applied in the data source.--><force_identifier>PedalClip_calcn_r_F</force_identifier>
            <!--Name of the data source (Storage) that will supply the force data.--><data_source_name>pedal_clip_forces.mot</data_source_name>
         </ExternalForce>
      </objects>
      <groups/>
      <!--Storage file (.sto) containing (3) components of force and/or torque and point of application.Note: this file overrides the data source specified by the individual external forces if specified.--><datafile>pedal_clip_forces.mot</datafile>
   </ExternalLoads>
</OpenSimDocument>